size_kb,decompress_time_sec
10.000,0.461
20.000,0.555
30.000,0.519
40.000,0.497
50.000,0.428
60.000,0.427
70.000,0.414
80.000,0.544
90.000,0.504
100.000,0.523
110.000,0.418
120.000,0.573
130.000,0.554
140.000,0.460
150.000,0.456
160.000,0.457
170.000,0.478
180.000,0.515
190.000,0.503
200.000,0.485
210.000,0.535
220.000,0.462
230.000,0.490
240.000,0.502
250.000,0.518
260.000,0.571
270.000,0.481
280.000,0.530
290.000,0.545
300.000,0.460
310.000,0.552
320.000,0.481
330.000,0.466
340.000,0.609
350.000,0.614
360.000,0.591
370.000,0.511
380.000,0.480
390.000,0.573
400.000,0.535
410.000,0.484
420.000,0.548
430.000,0.477
440.000,0.622
450.000,0.521
460.000,0.590
470.000,0.538
480.000,0.573
490.000,0.584
500.000,0.527
510.000,0.659
520.000,0.630
530.000,0.658
540.000,0.655
550.000,0.611
560.000,0.665
570.000,0.538
580.000,0.561
590.000,0.540
600.000,0.588
610.000,0.602
620.000,0.586
630.000,0.676
640.000,0.604
650.000,0.594
660.000,0.638
670.000,0.577
680.000,0.686
690.000,0.574
700.000,0.722
710.000,0.694
720.000,0.609
730.000,0.580
740.000,0.711
750.000,0.695
760.000,0.700
770.000,0.708
780.000,0.597
790.000,0.644
800.000,0.608
810.000,0.733
820.000,0.696
830.000,0.655
840.000,0.617
850.000,0.660
860.000,0.664
870.000,0.734
880.000,0.721
890.000,0.762
900.000,0.697
910.000,0.643
920.000,0.739
930.000,0.749
940.000,0.719
950.000,0.755
960.000,0.713
970.000,0.719
980.000,0.707
990.000,0.648
1000.000,0.664
1010.000,0.655
1020.000,0.758
1030.000,0.707
1040.000,0.740
1050.000,0.807
1060.000,0.704
1070.000,0.733
1080.000,0.790
1090.000,0.710
1100.000,0.688
1110.000,0.724
1120.000,0.706
1130.000,0.834
1140.000,0.817
1150.000,0.792
1160.000,0.832
1170.000,0.823
1180.000,0.726
1190.000,0.842
1200.000,0.791
1210.000,0.838
1220.000,0.856
1230.000,0.766
1240.000,0.737
1250.000,0.759
1260.000,0.793
1270.000,0.857
1280.000,0.867
1290.000,0.734
1300.000,0.817
1310.000,0.808
1320.000,0.779
1330.000,0.768
1340.000,0.807
1350.000,0.908
1360.000,0.811
1370.000,0.845
1380.000,0.873
1390.000,0.819
1400.000,0.919
1410.000,0.920
1420.000,0.808
1430.000,0.849
1440.000,0.822
1450.000,0.822
1460.000,0.786
1470.000,0.881
1480.000,0.867
1490.000,0.796
1500.000,0.839
1510.000,0.942
1520.000,0.839
1530.000,0.823
1540.000,0.882
1550.000,0.969
1560.000,0.853
1570.000,0.926
1580.000,0.944
1590.000,0.867
1600.000,0.949
1610.000,0.894
1620.000,0.939
1630.000,0.943
1640.000,0.928
1650.000,0.861
1660.000,0.986
1670.000,0.908
1680.000,0.889
1690.000,0.870
1700.000,0.961
1710.000,0.980
1720.000,0.877
1730.000,0.960
1740.000,0.916
1750.000,0.986
1760.000,0.914
1770.000,1.000
1780.000,0.956
1790.000,1.045
1800.000,0.917
1810.000,0.952
1820.000,0.916
1830.000,1.047
1840.000,1.048
1850.000,0.955
1860.000,1.022
1870.000,1.051
1880.000,1.013
1890.000,1.012
1900.000,0.973
1910.000,0.955
1920.000,1.087
1930.000,1.090
1940.000,1.054
1950.000,1.015
1960.000,1.017
1970.000,1.082
1980.000,1.116
1990.000,1.119
2000.000,1.105
2010.000,1.087
2020.000,0.999
2030.000,1.014
2040.000,1.133
2050.000,1.092
2060.000,0.998
2070.000,1.019
2080.000,1.115
2090.000,1.013
2100.000,1.042
2110.000,1.102
2120.000,1.132
2130.000,1.127
2140.000,1.058
2150.000,1.140
2160.000,1.070
2170.000,1.087
2180.000,1.157
2190.000,1.145
2200.000,1.184
2210.000,1.159
2220.000,1.153
2230.000,1.084
2240.000,1.135
2250.000,1.126
2260.000,1.125
2270.000,1.246
2280.000,1.156
2290.000,1.242
2300.000,1.204
2310.000,1.229
2320.000,1.185
2330.000,1.199
2340.000,1.188
2350.000,1.141
2360.000,1.224
2370.000,1.157
2380.000,1.120
2390.000,1.220
2400.000,1.145
2410.000,1.270
2420.000,1.278
2430.000,1.274
2440.000,1.193
2450.000,1.138
2460.000,1.285
2470.000,1.205
2480.000,1.293
2490.000,1.296
2500.000,1.280
2510.000,1.195
2520.000,1.211
2530.000,1.292
2540.000,1.209
2550.000,1.187
2560.000,1.251
2570.000,1.313
2580.000,1.278
2590.000,1.259
2600.000,1.187
2610.000,1.272
2620.000,1.339
2630.000,1.205
2640.000,1.269
2650.000,1.324
2660.000,1.302
2670.000,1.298
2680.000,1.300
2690.000,1.248
2700.000,1.239
2710.000,1.320
2720.000,1.319
2730.000,1.331
2740.000,1.341
2750.000,1.279
2760.000,1.274
2770.000,1.325
2780.000,1.303
2790.000,1.310
2800.000,1.333
2810.000,1.350
2820.000,1.264
2830.000,1.273
2840.000,1.230
2850.000,1.316
2860.000,1.228
2870.000,1.301
2880.000,1.314
2890.000,1.272
2900.000,1.322
2910.000,1.235
2920.000,1.240
2930.000,1.366
2940.000,1.296
2950.000,1.262
2960.000,1.327
2970.000,1.370
2980.000,1.284
2990.000,1.350
3000.000,1.270
3010.000,1.268
3020.000,1.353
3030.000,1.360
3040.000,1.377
3050.000,1.396
3060.000,1.433
3070.000,1.362
3080.000,1.336
3090.000,1.422
3100.000,1.337
3110.000,1.370
3120.000,1.318
3130.000,1.312
3140.000,1.460
3150.000,1.443
3160.000,1.424
3170.000,1.381
3180.000,1.349
3190.000,1.347
3200.000,1.364
3210.000,1.414
3220.000,1.444
3230.000,1.434
3240.000,1.375
3250.000,1.479
3260.000,1.446
3270.000,1.421
3280.000,1.435
3290.000,1.413
3300.000,1.388
3310.000,1.412
3320.000,1.478
3330.000,1.364
3340.000,1.377
3350.000,1.370
3360.000,1.373
3370.000,1.507
3380.000,1.484
3390.000,1.454
3400.000,1.398
3410.000,1.470
3420.000,1.470
3430.000,1.421
3440.000,1.470
3450.000,1.467
3460.000,1.509
3470.000,1.514
3480.000,1.427
3490.000,1.483
3500.000,1.529
3510.000,1.513
3520.000,1.573
3530.000,1.544
3540.000,1.465
3550.000,1.454
3560.000,1.551
3570.000,1.456
3580.000,1.550
3590.000,1.609
3600.000,1.552
3610.000,1.519
3620.000,1.570
3630.000,1.547
3640.000,1.569
3650.000,1.640
3660.000,1.553
3670.000,1.648
3680.000,1.641
3690.000,1.529
3700.000,1.512
3710.000,1.519
3720.000,1.510
3730.000,1.533
3740.000,1.635
3750.000,1.545
3760.000,1.588
3770.000,1.675
3780.000,1.548
3790.000,1.681
3800.000,1.598
3810.000,1.577
3820.000,1.667
3830.000,1.650
3840.000,1.688
3850.000,1.670
3860.000,1.680
3870.000,1.600
3880.000,1.586
3890.000,1.676
3900.000,1.680
3910.000,1.712
3920.000,1.618
3930.000,1.617
3940.000,1.684
3950.000,1.617
3960.000,1.715
3970.000,1.706
3980.000,1.641
3990.000,1.696
4000.000,1.700
4010.000,1.599
4020.000,1.730
4030.000,1.669
4040.000,1.727
4050.000,1.648
4060.000,1.744
4070.000,1.667
4080.000,1.613
4090.000,1.760
4100.000,1.627
4110.000,1.666
4120.000,1.766
4130.000,1.768
4140.000,1.709
4150.000,1.728
4160.000,1.701
4170.000,1.679
4180.000,1.686
4190.000,1.748
4200.000,1.759
4210.000,1.767
4220.000,1.768
4230.000,1.659
4240.000,1.730
4250.000,1.663
4260.000,1.744
4270.000,1.725
4280.000,1.800
4290.000,1.712
4300.000,1.676
4310.000,1.678
4320.000,1.785
4330.000,1.768
4340.000,1.688
4350.000,1.689
4360.000,1.790
4370.000,1.686
4380.000,1.813
4390.000,1.796
4400.000,1.699
4410.000,1.708
4420.000,1.855
4430.000,1.757
4440.000,1.754
4450.000,1.827
4460.000,1.846
4470.000,1.850
4480.000,1.817
4490.000,1.759
4500.000,1.716
4510.000,1.836
4520.000,1.803
4530.000,1.789
4540.000,1.861
4550.000,1.728
4560.000,1.787
4570.000,1.711
4580.000,1.787
4590.000,1.725
4600.000,1.738
4610.000,1.741
4620.000,1.824
4630.000,1.849
4640.000,1.826
4650.000,1.885
4660.000,1.792
4670.000,1.781
4680.000,1.878
4690.000,1.778
4700.000,1.904
4710.000,1.754
4720.000,1.910
4730.000,1.765
4740.000,1.901
4750.000,1.851
4760.000,1.937
4770.000,1.796
4780.000,1.880
4790.000,1.952
4800.000,1.883
4810.000,1.903
4820.000,1.920
4830.000,1.889
4840.000,1.924
4850.000,1.916
4860.000,1.970
4870.000,1.839
4880.000,1.881
4890.000,1.986
4900.000,1.975
4910.000,1.913
4920.000,1.946
4930.000,1.897
4940.000,1.887
4950.000,1.934
4960.000,1.913
4970.000,1.957
4980.000,1.880
4990.000,2.032
5000.000,2.033
5010.000,1.990
5020.000,1.968
5030.000,1.929
5040.000,2.013
5050.000,1.990
5060.000,1.904
5070.000,2.027
5080.000,2.014
5090.000,2.043
5100.000,2.009
5110.000,1.995
5120.000,1.970
5130.000,2.049
5140.000,2.038
5150.000,1.915
5160.000,1.916
5170.000,1.974
5180.000,2.052
5190.000,2.081
5200.000,1.952
5210.000,2.031
5220.000,1.996
5230.000,2.092
5240.000,2.079
5250.000,2.082
5260.000,2.027
5270.000,2.022
5280.000,2.002
5290.000,1.969
5300.000,2.102
5310.000,2.104
5320.000,2.139
5330.000,2.148
5340.000,2.075
5350.000,2.111
5360.000,2.142
5370.000,2.135
5380.000,2.047
5390.000,2.082
5400.000,2.024
5410.000,2.155
5420.000,2.108
5430.000,2.058
5440.000,2.126
5450.000,2.119
5460.000,2.080
5470.000,2.039
5480.000,2.135
5490.000,2.117
5500.000,2.160
5510.000,2.125
5520.000,2.189
5530.000,2.152
5540.000,2.162
5550.000,2.215
5560.000,2.142
5570.000,2.092
5580.000,2.076
5590.000,2.190
5600.000,2.167
5610.000,2.184
5620.000,2.114
5630.000,2.103
5640.000,2.086
5650.000,2.138
5660.000,2.180
5670.000,2.151
5680.000,2.157
5690.000,2.237
5700.000,2.151
5710.000,2.180
5720.000,2.222
5730.000,2.163
5740.000,2.202
5750.000,2.244
5760.000,2.262
5770.000,2.135
5780.000,2.256
5790.000,2.190
5800.000,2.153
5810.000,2.188
5820.000,2.272
5830.000,2.198
5840.000,2.178
5850.000,2.235
5860.000,2.176
5870.000,2.153
5880.000,2.164
5890.000,2.173
5900.000,2.174
5910.000,2.177
5920.000,2.265
5930.000,2.194
5940.000,2.226
5950.000,2.317
5960.000,2.253
5970.000,2.285
5980.000,2.210
5990.000,2.215
6000.000,2.195
6010.000,2.221
6020.000,2.236
6030.000,2.221
6040.000,2.215
6050.000,2.213
6060.000,2.274
6070.000,2.236
6080.000,2.264
6090.000,2.291
6100.000,2.323
6110.000,2.221
6120.000,2.342
6130.000,2.314
6140.000,2.226
6150.000,2.365
6160.000,2.381
6170.000,2.251
6180.000,2.284
6190.000,2.366
6200.000,2.366
6210.000,2.280
6220.000,2.291
6230.000,2.318
6240.000,2.331
6250.000,2.364
6260.000,2.328
6270.000,2.347
6280.000,2.400
6290.000,2.288
6300.000,2.325
6310.000,2.406
6320.000,2.430
6330.000,2.363
6340.000,2.361
6350.000,2.291
6360.000,2.353
6370.000,2.370
6380.000,2.330
6390.000,2.341
6400.000,2.364
6410.000,2.307
6420.000,2.358
6430.000,2.337
6440.000,2.357
6450.000,2.321
6460.000,2.451
6470.000,2.407
6480.000,2.428
6490.000,2.448
6500.000,2.405
6510.000,2.346
6520.000,2.423
6530.000,2.435
6540.000,2.460
6550.000,2.408
6560.000,2.366
6570.000,2.399
6580.000,2.414
6590.000,2.464
6600.000,2.455
6610.000,2.421
6620.000,2.530
6630.000,2.482
6640.000,2.425
6650.000,2.402
6660.000,2.416
6670.000,2.433
6680.000,2.421
6690.000,2.428
6700.000,2.440
6710.000,2.427
6720.000,2.547
6730.000,2.413
6740.000,2.483
6750.000,2.470
6760.000,2.564
6770.000,2.425
6780.000,2.478
6790.000,2.580
6800.000,2.565
6810.000,2.555
6820.000,2.463
6830.000,2.453
6840.000,2.536
6850.000,2.580
6860.000,2.527
6870.000,2.530
6880.000,2.481
6890.000,2.561
6900.000,2.470
6910.000,2.495
6920.000,2.514
6930.000,2.529
6940.000,2.485
6950.000,2.469
6960.000,2.546
6970.000,2.493
6980.000,2.539
6990.000,2.473
7000.000,2.528
7010.000,2.540
7020.000,2.464
7030.000,2.511
7040.000,2.476
7050.000,2.467
7060.000,2.614
7070.000,2.513
7080.000,2.592
7090.000,2.502
7100.000,2.570
7110.000,2.582
7120.000,2.555
7130.000,2.537
7140.000,2.537
7150.000,2.530
7160.000,2.624
7170.000,2.602
7180.000,2.620
7190.000,2.489
7200.000,2.584
7210.000,2.622
7220.000,2.505
7230.000,2.493
7240.000,2.606
7250.000,2.585
7260.000,2.634
7270.000,2.518
7280.000,2.626
7290.000,2.533
7300.000,2.534
7310.000,2.537
7320.000,2.643
7330.000,2.623
7340.000,2.606
7350.000,2.588
7360.000,2.673
7370.000,2.593
7380.000,2.663
7390.000,2.605
7400.000,2.601
7410.000,2.616
7420.000,2.598
7430.000,2.671
7440.000,2.630
7450.000,2.594
7460.000,2.703
7470.000,2.617
7480.000,2.646
7490.000,2.706
7500.000,2.664
7510.000,2.585
7520.000,2.721
7530.000,2.669
7540.000,2.625
7550.000,2.594
7560.000,2.697
7570.000,2.670
7580.000,2.661
7590.000,2.717
7600.000,2.699
7610.000,2.595
7620.000,2.624
7630.000,2.622
7640.000,2.704
7650.000,2.592
7660.000,2.675
7670.000,2.705
7680.000,2.725
7690.000,2.646
7700.000,2.726
7710.000,2.615
7720.000,2.736
7730.000,2.625
7740.000,2.671
7750.000,2.742
7760.000,2.639
7770.000,2.649
7780.000,2.729
7790.000,2.735
7800.000,2.726
7810.000,2.736
7820.000,2.706
7830.000,2.666
7840.000,2.682
7850.000,2.664
7860.000,2.788
7870.000,2.735
7880.000,2.707
7890.000,2.724
7900.000,2.808
7910.000,2.683
7920.000,2.758
7930.000,2.747
7940.000,2.767
7950.000,2.669
7960.000,2.812
7970.000,2.825
7980.000,2.774
7990.000,2.802
8000.000,2.835
8010.000,2.804
8020.000,2.717
8030.000,2.792
8040.000,2.793
8050.000,2.769
8060.000,2.824
8070.000,2.856
8080.000,2.857
8090.000,2.794
8100.000,2.744
8110.000,2.888
8120.000,2.866
8130.000,2.757
8140.000,2.890
8150.000,2.880
8160.000,2.821
8170.000,2.835
8180.000,2.811
8190.000,2.758
8200.000,2.806
8210.000,2.879
8220.000,2.754
8230.000,2.804
8240.000,2.812
8250.000,2.831
8260.000,2.890
8270.000,2.801
8280.000,2.801
8290.000,2.871
8300.000,2.829
8310.000,2.796
8320.000,2.835
8330.000,2.785
8340.000,2.800
8350.000,2.854
8360.000,2.856
8370.000,2.944
8380.000,2.859
8390.000,2.891
8400.000,2.906
8410.000,2.809
8420.000,2.916
8430.000,2.845
8440.000,2.975
8450.000,2.848
8460.000,2.893
8470.000,2.843
8480.000,2.996
8490.000,2.920
8500.000,2.933
8510.000,2.861
8520.000,2.974
8530.000,2.890
8540.000,3.006
8550.000,2.896
8560.000,2.893
8570.000,2.871
8580.000,2.944
8590.000,2.964
8600.000,2.882
8610.000,3.004
8620.000,2.955
8630.000,2.976
8640.000,2.962
8650.000,2.960
8660.000,2.989
8670.000,2.932
8680.000,2.938
8690.000,3.047
8700.000,3.058
8710.000,2.965
8720.000,2.951
8730.000,3.008
8740.000,2.975
8750.000,2.915
8760.000,2.938
8770.000,3.034
8780.000,3.033
8790.000,2.933
8800.000,2.969
8810.000,2.979
8820.000,3.052
8830.000,2.950
8840.000,2.967
8850.000,3.087
8860.000,2.995
8870.000,3.076
8880.000,3.013
8890.000,3.004
8900.000,3.019
8910.000,3.100
8920.000,3.117
8930.000,3.117
8940.000,3.050
8950.000,3.093
8960.000,3.028
8970.000,3.051
8980.000,3.153
8990.000,3.009
9000.000,3.025
9010.000,3.053
9020.000,3.031
9030.000,3.061
9040.000,3.135
9050.000,3.119
9060.000,3.199
9070.000,3.195
9080.000,3.127
9090.000,3.116
9100.000,3.138
9110.000,3.180
9120.000,3.135
9130.000,3.196
9140.000,3.170
9150.000,3.195
9160.000,3.180
9170.000,3.149
9180.000,3.253
9190.000,3.231
9200.000,3.140
9210.000,3.259
9220.000,3.198
9230.000,3.268
9240.000,3.253
9250.000,3.189
9260.000,3.131
9270.000,3.180
9280.000,3.227
9290.000,3.240
9300.000,3.188
9310.000,3.178
9320.000,3.289
9330.000,3.320
9340.000,3.249
9350.000,3.200
9360.000,3.219
9370.000,3.187
9380.000,3.335
9390.000,3.210
9400.000,3.290
9410.000,3.248
9420.000,3.289
9430.000,3.308
9440.000,3.337
9450.000,3.239
9460.000,3.215
9470.000,3.234
9480.000,3.354
9490.000,3.358
9500.000,3.317
9510.000,3.324
9520.000,3.337
9530.000,3.267
9540.000,3.391
9550.000,3.318
9560.000,3.316
9570.000,3.339
9580.000,3.257
9590.000,3.274
9600.000,3.372
9610.000,3.264
9620.000,3.345
9630.000,3.295
9640.000,3.315
9650.000,3.296
9660.000,3.307
9670.000,3.363
9680.000,3.290
9690.000,3.338
9700.000,3.316
9710.000,3.349
9720.000,3.389
9730.000,3.365
9740.000,3.284
9750.000,3.256
9760.000,3.291
9770.000,3.341
9780.000,3.251
9790.000,3.324
9800.000,3.347
9810.000,3.303
9820.000,3.370
9830.000,3.262
9840.000,3.257
9850.000,3.357
9860.000,3.316
9870.000,3.355
9880.000,3.322
9890.000,3.288
9900.000,3.383
9910.000,3.382
9920.000,3.363
9930.000,3.294
9940.000,3.353
9950.000,3.319
9960.000,3.276
9970.000,3.416
9980.000,3.298
9990.000,3.434
10000.000,3.356
10010.000,3.316
10020.000,3.371
10030.000,3.434
10040.000,3.413
10050.000,3.426
10060.000,3.402
10070.000,3.406
10080.000,3.428
10090.000,3.333
10100.000,3.374
10110.000,3.328
10120.000,3.447
10130.000,3.441
10140.000,3.302
10150.000,3.412
10160.000,3.445
10170.000,3.329
10180.000,3.392
10190.000,3.444
10200.000,3.310
10210.000,3.418
10220.000,3.351
10230.000,3.462
10240.000,3.478
10250.000,3.471
10260.000,3.407
10270.000,3.473
10280.000,3.471
10290.000,3.389
10300.000,3.472
10310.000,3.354
10320.000,3.443
10330.000,3.392
10340.000,3.377
10350.000,3.369
10360.000,3.471
10370.000,3.417
10380.000,3.487
10390.000,3.392
10400.000,3.435
10410.000,3.464
10420.000,3.507
10430.000,3.434
10440.000,3.487
10450.000,3.532
10460.000,3.493
10470.000,3.435
10480.000,3.404
10490.000,3.541
10500.000,3.412
10510.000,3.551
10520.000,3.504
10530.000,3.571
10540.000,3.549
10550.000,3.579
10560.000,3.478
10570.000,3.549
10580.000,3.496
10590.000,3.518
10600.000,3.541
10610.000,3.586
10620.000,3.604
10630.000,3.582
10640.000,3.532
10650.000,3.535
10660.000,3.598
10670.000,3.529
10680.000,3.505
10690.000,3.537
10700.000,3.528
10710.000,3.538
10720.000,3.532
10730.000,3.513
10740.000,3.510
10750.000,3.663
10760.000,3.575
10770.000,3.569
10780.000,3.619
10790.000,3.543
10800.000,3.659
10810.000,3.634
10820.000,3.528
10830.000,3.583
10840.000,3.655
10850.000,3.671
10860.000,3.608
10870.000,3.636
10880.000,3.571
10890.000,3.705
10900.000,3.593
10910.000,3.709
10920.000,3.666
10930.000,3.662
10940.000,3.652
10950.000,3.600
10960.000,3.599
10970.000,3.612
10980.000,3.604
10990.000,3.697
11000.000,3.631
11010.000,3.588
11020.000,3.737
11030.000,3.731
11040.000,3.740
11050.000,3.747
11060.000,3.627
11070.000,3.660
11080.000,3.715
11090.000,3.712
11100.000,3.625
11110.000,3.729
11120.000,3.637
11130.000,3.644
11140.000,3.691
11150.000,3.700
11160.000,3.711
11170.000,3.629
11180.000,3.764
11190.000,3.670
11200.000,3.650
11210.000,3.777
11220.000,3.803
11230.000,3.791
11240.000,3.791
11250.000,3.769
11260.000,3.765
11270.000,3.693
11280.000,3.744
11290.000,3.743
11300.000,3.735
11310.000,3.810
11320.000,3.776
11330.000,3.714
11340.000,3.741
11350.000,3.815
11360.000,3.730
11370.000,3.857
11380.000,3.801
11390.000,3.804
11400.000,3.825
11410.000,3.874
11420.000,3.794
11430.000,3.849
11440.000,3.831
11450.000,3.786
11460.000,3.888
11470.000,3.872
11480.000,3.848
11490.000,3.888
11500.000,3.897
11510.000,3.880
11520.000,3.902
11530.000,3.885
11540.000,3.879
11550.000,3.873
11560.000,3.897
11570.000,3.805
11580.000,3.925
11590.000,3.931
11600.000,3.805
11610.000,3.934
11620.000,3.821
11630.000,3.849
11640.000,3.920
11650.000,3.830
11660.000,3.934
11670.000,3.930
11680.000,3.887
11690.000,3.807
11700.000,3.854
11710.000,3.909
11720.000,3.979
11730.000,3.925
11740.000,3.867
11750.000,3.923
11760.000,3.920
11770.000,3.962
11780.000,3.848
11790.000,3.957
11800.000,3.924
11810.000,4.001
11820.000,3.900
11830.000,3.943
11840.000,3.989
11850.000,3.860
11860.000,3.995
11870.000,3.958
11880.000,3.860
11890.000,3.906
11900.000,3.973
11910.000,3.878
11920.000,3.968
11930.000,3.933
11940.000,3.974
11950.000,3.886
11960.000,4.020
11970.000,4.029
11980.000,4.031
11990.000,3.996
12000.000,3.899
12010.000,4.003
12020.000,3.890
12030.000,3.881
12040.000,3.933
12050.000,3.960
12060.000,4.006
12070.000,3.991
12080.000,3.960
12090.000,3.940
12100.000,4.057
12110.000,3.963
12120.000,3.969
12130.000,3.925
12140.000,4.028
12150.000,4.019
12160.000,3.949
12170.000,3.920
12180.000,4.015
12190.000,4.019
12200.000,3.959
12210.000,4.062
12220.000,3.932
12230.000,3.985
12240.000,4.075
12250.000,3.997
12260.000,4.030
12270.000,3.999
12280.000,3.979
12290.000,4.091
12300.000,3.996
12310.000,4.082
12320.000,3.973
12330.000,3.969
12340.000,3.933
12350.000,4.037
12360.000,3.994
12370.000,4.080
12380.000,4.021
12390.000,4.104
12400.000,3.977
12410.000,4.083
12420.000,4.071
12430.000,4.078
12440.000,4.096
12450.000,4.084
12460.000,4.064
12470.000,3.989
12480.000,3.979
12490.000,4.120
12500.000,4.074
12510.000,4.117
12520.000,4.070
12530.000,4.006
12540.000,4.016
12550.000,4.109
12560.000,4.070
12570.000,4.032
12580.000,4.079
12590.000,4.018
12600.000,4.102
12610.000,4.061
12620.000,4.146
12630.000,4.081
12640.000,4.111
12650.000,4.043
12660.000,4.056
12670.000,4.114
12680.000,4.126
12690.000,4.152
12700.000,4.104
12710.000,4.172
12720.000,4.201
12730.000,4.188
12740.000,4.072
12750.000,4.149
12760.000,4.093
12770.000,4.117
12780.000,4.247
12790.000,4.120
12800.000,4.176
12810.000,4.192
12820.000,4.207
12830.000,4.186
12840.000,4.107
12850.000,4.164
12860.000,4.199
12870.000,4.138
12880.000,4.179
12890.000,4.131
12900.000,4.139
12910.000,4.191
12920.000,4.156
12930.000,4.231
12940.000,4.258
12950.000,4.273
12960.000,4.179
12970.000,4.181
12980.000,4.179
12990.000,4.269
13000.000,4.280
13010.000,4.176
13020.000,4.324
13030.000,4.181
13040.000,4.256
13050.000,4.286
13060.000,4.307
13070.000,4.285
13080.000,4.298
13090.000,4.230
13100.000,4.314
13110.000,4.206
13120.000,4.333
13130.000,4.288
13140.000,4.333
13150.000,4.282
13160.000,4.311
13170.000,4.298
13180.000,4.335
13190.000,4.228
13200.000,4.227
13210.000,4.253
13220.000,4.242
13230.000,4.365
13240.000,4.261
13250.000,4.385
13260.000,4.290
13270.000,4.265
13280.000,4.373
13290.000,4.356
13300.000,4.333
13310.000,4.350
13320.000,4.373
13330.000,4.297
13340.000,4.421
13350.000,4.413
13360.000,4.364
13370.000,4.297
13380.000,4.378
13390.000,4.283
13400.000,4.278
13410.000,4.324
13420.000,4.353
13430.000,4.423
13440.000,4.399
13450.000,4.404
13460.000,4.357
13470.000,4.341
13480.000,4.349
13490.000,4.449
13500.000,4.298
13510.000,4.428
13520.000,4.390
13530.000,4.372
13540.000,4.426
13550.000,4.384
13560.000,4.449
13570.000,4.459
13580.000,4.389
13590.000,4.361
13600.000,4.410
13610.000,4.468
13620.000,4.363
13630.000,4.432
13640.000,4.431
13650.000,4.444
13660.000,4.349
13670.000,4.446
13680.000,4.476
13690.000,4.366
13700.000,4.379
13710.000,4.500
13720.000,4.378
13730.000,4.487
13740.000,4.433
13750.000,4.391
13760.000,4.494
13770.000,4.421
13780.000,4.430
13790.000,4.403
13800.000,4.445
13810.000,4.383
13820.000,4.424
13830.000,4.518
13840.000,4.413
13850.000,4.486
13860.000,4.432
13870.000,4.510
13880.000,4.414
13890.000,4.556
13900.000,4.476
13910.000,4.445
13920.000,4.414
13930.000,4.435
13940.000,4.497
13950.000,4.470
13960.000,4.551
13970.000,4.491
13980.000,4.468
13990.000,4.528
14000.000,4.546
14010.000,4.463
14020.000,4.471
14030.000,4.456
14040.000,4.571
14050.000,4.557
14060.000,4.532
14070.000,4.588
14080.000,4.593
14090.000,4.554
14100.000,4.598
14110.000,4.495
14120.000,4.477
14130.000,4.500
14140.000,4.467
14150.000,4.550
14160.000,4.624
14170.000,4.489
14180.000,4.502
14190.000,4.556
14200.000,4.635
14210.000,4.535
14220.000,4.565
14230.000,4.495
14240.000,4.510
14250.000,4.641
14260.000,4.636
14270.000,4.488
14280.000,4.649
14290.000,4.595
14300.000,4.639
14310.000,4.571
14320.000,4.589
14330.000,4.575
14340.000,4.599
14350.000,4.516
14360.000,4.507
14370.000,4.553
14380.000,4.619
14390.000,4.542
14400.000,4.619
14410.000,4.668
14420.000,4.530
14430.000,4.626
14440.000,4.587
14450.000,4.656
14460.000,4.553
14470.000,4.635
14480.000,4.660
14490.000,4.681
14500.000,4.636
14510.000,4.607
14520.000,4.626
14530.000,4.670
14540.000,4.619
14550.000,4.528
14560.000,4.676
14570.000,4.639
14580.000,4.643
14590.000,4.572
14600.000,4.651
14610.000,4.615
14620.000,4.660
14630.000,4.568
14640.000,4.661
14650.000,4.717
14660.000,4.571
14670.000,4.725
14680.000,4.631
14690.000,4.710
14700.000,4.692
14710.000,4.663
14720.000,4.693
14730.000,4.717
14740.000,4.638
14750.000,4.626
14760.000,4.687
14770.000,4.709
14780.000,4.710
14790.000,4.711
14800.000,4.654
14810.000,4.728
14820.000,4.619
14830.000,4.690
14840.000,4.604
14850.000,4.655
14860.000,4.673
14870.000,4.684
14880.000,4.741
14890.000,4.686
14900.000,4.699
14910.000,4.664
14920.000,4.690
14930.000,4.669
14940.000,4.648
14950.000,4.736
14960.000,4.745
14970.000,4.739
14980.000,4.719
14990.000,4.709
15000.000,4.791
15010.000,4.740
15020.000,4.737
15030.000,4.666
15040.000,4.726
15050.000,4.731
15060.000,4.745
15070.000,4.787
15080.000,4.779
15090.000,4.787
15100.000,4.816
15110.000,4.821
15120.000,4.816
15130.000,4.858
15140.000,4.712
15150.000,4.748
15160.000,4.720
15170.000,4.824
15180.000,4.869
15190.000,4.764
15200.000,4.876
15210.000,4.746
15220.000,4.896
15230.000,4.805
15240.000,4.764
15250.000,4.830
15260.000,4.796
15270.000,4.807
15280.000,4.818
15290.000,4.903
15300.000,4.864
15310.000,4.830
15320.000,4.877
15330.000,4.894
15340.000,4.819
15350.000,4.845
15360.000,4.799
15370.000,4.817
15380.000,4.901
15390.000,4.830
15400.000,4.885
15410.000,4.918
15420.000,4.815
15430.000,4.888
15440.000,4.841
15450.000,4.961
15460.000,4.888
15470.000,4.934
15480.000,4.890
15490.000,4.813
15500.000,4.913
15510.000,4.967
15520.000,4.907
15530.000,4.943
15540.000,4.964
15550.000,4.867
15560.000,4.866
15570.000,4.933
15580.000,4.902
15590.000,4.972
15600.000,4.990
15610.000,4.906
15620.000,4.886
15630.000,4.968
15640.000,4.896
15650.000,4.995
15660.000,4.938
15670.000,4.977
15680.000,4.884
15690.000,4.977
15700.000,4.953
15710.000,4.979
15720.000,4.921
15730.000,5.013
15740.000,5.040
15750.000,4.942
15760.000,4.925
15770.000,4.923
15780.000,5.025
15790.000,5.015
15800.000,5.011
15810.000,4.962
15820.000,4.996
15830.000,5.030
15840.000,5.022
15850.000,5.105
15860.000,4.976
15870.000,5.061
15880.000,5.010
15890.000,5.026
15900.000,5.075
15910.000,5.077
15920.000,5.131
15930.000,4.993
15940.000,4.995
15950.000,5.096
15960.000,5.076
15970.000,5.033
15980.000,5.011
15990.000,5.015
16000.000,5.146
16010.000,5.037
16020.000,5.060
16030.000,5.040
16040.000,5.065
16050.000,5.026
16060.000,5.104
16070.000,5.041
16080.000,5.160
16090.000,5.072
16100.000,5.121
16110.000,5.178
16120.000,5.154
16130.000,5.146
16140.000,5.120
16150.000,5.130
16160.000,5.193
16170.000,5.253
16180.000,5.206
16190.000,5.196
16200.000,5.219
16210.000,5.184
16220.000,5.122
16230.000,5.214
16240.000,5.279
16250.000,5.162
16260.000,5.247
16270.000,5.169
16280.000,5.237
16290.000,5.178
16300.000,5.244
16310.000,5.295
16320.000,5.232
16330.000,5.290
16340.000,5.313
16350.000,5.335
16360.000,5.227
16370.000,5.254
16380.000,5.219
16390.000,5.362
16400.000,5.349
16410.000,5.285
16420.000,5.332
16430.000,5.288
16440.000,5.308
16450.000,5.220
16460.000,5.324
16470.000,5.227
16480.000,5.344
16490.000,5.341
16500.000,5.333
16510.000,5.234
16520.000,5.284
16530.000,5.286
16540.000,5.308
16550.000,5.271
16560.000,5.414
16570.000,5.360
16580.000,5.322
16590.000,5.334
16600.000,5.346
16610.000,5.377
16620.000,5.369
16630.000,5.429
16640.000,5.368
16650.000,5.450
16660.000,5.424
16670.000,5.325
16680.000,5.443
16690.000,5.317
16700.000,5.429
16710.000,5.360
16720.000,5.446
16730.000,5.453
16740.000,5.447
16750.000,5.444
16760.000,5.372
16770.000,5.332
16780.000,5.383
16790.000,5.347
16800.000,5.427
16810.000,5.375
16820.000,5.481
16830.000,5.431
16840.000,5.469
16850.000,5.359
16860.000,5.477
16870.000,5.485
16880.000,5.416
16890.000,5.431
16900.000,5.463
16910.000,5.366
16920.000,5.415
16930.000,5.402
16940.000,5.361
16950.000,5.400
16960.000,5.350
16970.000,5.350
16980.000,5.375
16990.000,5.500
17000.000,5.436
17010.000,5.508
17020.000,5.424
17030.000,5.405
17040.000,5.436
17050.000,5.431
17060.000,5.378
17070.000,5.466
17080.000,5.407
17090.000,5.464
17100.000,5.464
17110.000,5.386
17120.000,5.377
17130.000,5.499
17140.000,5.449
17150.000,5.388
17160.000,5.538
17170.000,5.392
17180.000,5.497
17190.000,5.545
17200.000,5.423
17210.000,5.415
17220.000,5.420
17230.000,5.452
17240.000,5.413
17250.000,5.518
17260.000,5.416
17270.000,5.491
17280.000,5.569
17290.000,5.540
17300.000,5.508
17310.000,5.454
17320.000,5.505
17330.000,5.487
17340.000,5.466
17350.000,5.419
17360.000,5.542
17370.000,5.470
17380.000,5.422
17390.000,5.452
17400.000,5.465
17410.000,5.539
17420.000,5.519
17430.000,5.519
17440.000,5.401
17450.000,5.470
17460.000,5.486
17470.000,5.413
17480.000,5.455
17490.000,5.538
17500.000,5.444
17510.000,5.511
17520.000,5.465
17530.000,5.433
17540.000,5.468
17550.000,5.588
17560.000,5.561
17570.000,5.585
17580.000,5.521
17590.000,5.460
17600.000,5.526
17610.000,5.519
17620.000,5.592
17630.000,5.475
17640.000,5.537
17650.000,5.481
17660.000,5.512
17670.000,5.578
17680.000,5.540
17690.000,5.526
17700.000,5.531
17710.000,5.539
17720.000,5.600
17730.000,5.620
17740.000,5.626
17750.000,5.601
17760.000,5.530
17770.000,5.601
17780.000,5.563
17790.000,5.530
17800.000,5.628
17810.000,5.503
17820.000,5.640
17830.000,5.568
17840.000,5.598
17850.000,5.602
17860.000,5.637
17870.000,5.595
17880.000,5.600
17890.000,5.508
17900.000,5.585
17910.000,5.531
17920.000,5.627
17930.000,5.585
17940.000,5.614
17950.000,5.512
17960.000,5.522
17970.000,5.625
17980.000,5.521
17990.000,5.523
18000.000,5.512
18010.000,5.667
18020.000,5.636
18030.000,5.572
18040.000,5.568
18050.000,5.580
18060.000,5.647
18070.000,5.641
18080.000,5.565
18090.000,5.563
18100.000,5.556
18110.000,5.647
18120.000,5.663
18130.000,5.588
18140.000,5.548
18150.000,5.560
18160.000,5.697
18170.000,5.586
18180.000,5.662
18190.000,5.651
18200.000,5.616
18210.000,5.588
18220.000,5.571
18230.000,5.653
18240.000,5.681
18250.000,5.665
18260.000,5.654
18270.000,5.579
18280.000,5.732
18290.000,5.711
18300.000,5.636
18310.000,5.749
18320.000,5.686
18330.000,5.689
18340.000,5.719
18350.000,5.731
18360.000,5.702
18370.000,5.620
18380.000,5.655
18390.000,5.751
18400.000,5.643
18410.000,5.673
18420.000,5.681
18430.000,5.689
18440.000,5.713
18450.000,5.775
18460.000,5.670
18470.000,5.655
18480.000,5.673
18490.000,5.785
18500.000,5.748
18510.000,5.691
18520.000,5.773
18530.000,5.790
18540.000,5.796
18550.000,5.809
18560.000,5.699
18570.000,5.776
18580.000,5.726
18590.000,5.786
18600.000,5.768
18610.000,5.777
18620.000,5.763
18630.000,5.691
18640.000,5.750
18650.000,5.820
18660.000,5.811
18670.000,5.669
18680.000,5.689
18690.000,5.677
18700.000,5.772
18710.000,5.788
18720.000,5.694
18730.000,5.742
18740.000,5.796
18750.000,5.777
18760.000,5.747
18770.000,5.751
18780.000,5.739
18790.000,5.704
18800.000,5.746
18810.000,5.777
18820.000,5.814
18830.000,5.771
18840.000,5.795
18850.000,5.700
18860.000,5.756
18870.000,5.688
18880.000,5.719
18890.000,5.794
18900.000,5.837
18910.000,5.687
18920.000,5.737
18930.000,5.805
18940.000,5.710
18950.000,5.769
18960.000,5.801
18970.000,5.789
18980.000,5.723
18990.000,5.754
19000.000,5.822
19010.000,5.779
19020.000,5.692
19030.000,5.812
19040.000,5.705
19050.000,5.821
19060.000,5.732
19070.000,5.845
19080.000,5.745
19090.000,5.739
19100.000,5.707
19110.000,5.732
19120.000,5.827
19130.000,5.846
19140.000,5.740
19150.000,5.751
19160.000,5.803
19170.000,5.835
19180.000,5.792
19190.000,5.763
19200.000,5.767
19210.000,5.817
19220.000,5.704
19230.000,5.807
19240.000,5.763
19250.000,5.834
19260.000,5.726
19270.000,5.811
19280.000,5.791
19290.000,5.820
19300.000,5.730
19310.000,5.812
19320.000,5.817
19330.000,5.820
19340.000,5.822
19350.000,5.832
19360.000,5.858
19370.000,5.780
19380.000,5.880
19390.000,5.833
19400.000,5.761
19410.000,5.771
19420.000,5.821
19430.000,5.895
19440.000,5.888
19450.000,5.906
19460.000,5.869
19470.000,5.863
19480.000,5.819
19490.000,5.852
19500.000,5.879
19510.000,5.826
19520.000,5.847
19530.000,5.907
19540.000,5.926
19550.000,5.973
19560.000,5.967
19570.000,5.926
19580.000,5.900
19590.000,5.940
19600.000,5.970
19610.000,5.866
19620.000,5.912
19630.000,5.979
19640.000,5.915
19650.000,5.951
19660.000,5.952
19670.000,5.883
19680.000,5.907
19690.000,5.911
19700.000,5.863
19710.000,5.865
19720.000,6.000
19730.000,5.915
19740.000,5.958
19750.000,5.925
19760.000,6.028
19770.000,5.923
19780.000,5.952
19790.000,6.029
19800.000,6.024
19810.000,5.917
19820.000,6.022
19830.000,5.971
19840.000,5.983
19850.000,5.925
19860.000,5.927
19870.000,6.040
19880.000,6.006
19890.000,6.001
19900.000,6.047
19910.000,6.052
19920.000,5.957
19930.000,6.021
19940.000,5.946
19950.000,6.051
19960.000,6.045
19970.000,6.093
19980.000,5.953
19990.000,5.948
20000.000,5.991
20010.000,5.990
20020.000,5.991
20030.000,6.102
20040.000,5.997
20050.000,5.997
20060.000,6.077
20070.000,6.020
20080.000,6.065
20090.000,5.955
20100.000,6.021
20110.000,5.952
20120.000,5.961
20130.000,6.096
20140.000,5.977
20150.000,6.040
20160.000,6.020
20170.000,6.010
20180.000,6.096
20190.000,5.950
20200.000,6.049
20210.000,6.101
20220.000,6.029
20230.000,6.089
20240.000,5.944
20250.000,6.000
20260.000,5.977
20270.000,6.052
20280.000,6.090
20290.000,5.979
20300.000,6.046
20310.000,5.967
20320.000,6.030
20330.000,6.017
20340.000,6.102
20350.000,6.050
20360.000,6.011
20370.000,5.976
20380.000,5.985
20390.000,5.992
20400.000,5.994
20410.000,6.089
20420.000,6.046
20430.000,6.034
20440.000,5.971
20450.000,6.088
20460.000,6.060
20470.000,5.962
20480.000,6.072
